Source,Target,Timestamp,Sector,Funding Type
Investor/s 0021,Sri Lanka,2010,Wind,Private
Investor/s 0118,Jordan,2010,Wind,Public
Investor/s 0004,Mauritania,2010,Solar,Public
Investor/s 0040,Mauritania,2010,Solar,Public
Investor/s 0021,Dominican Republic,2010,Wind,Private
Investor/s 0102,Nepal,2010,Wind,Public
Investor/s 0098,Ecuador,2010,Solar,Private
Investor/s 0178,Mongolia,2010,Solar,Public
Investor/s 0156,Peru,2010,Solar,Private
Investor/s 0021,Nepal,2010,Wind,Private
Investor/s 0150,Belize,2010,Solar,Private
Investor/s 0101,Malawi,2010,Wind,Private
Investor/s 0171,Algeria,2010,Wind,Private
Investor/s 0144,Vietnam,2010,Solar,Public
Investor/s 0178,Afghanistan,2010,Solar,Public
Investor/s 0021,El Salvador,2010,Wind,Private
Investor/s 0021,South Africa,2010,Wind,Private
Investor/s 0040,Malaysia,2010,Solar,Public
Investor/s 0178,Tanzania,2010,Solar,Public
Investor/s 0059,Pakistan,2010,Wind,Private
Investor/s 0040,Mongolia,2010,Solar,Public
Investor/s 0043,Thailand,2010,Wind,Private
Investor/s 0010,Jamaica,2010,Solar,Public
Investor/s 0182,Solomon Islands,2010,Solar,Private
Investor/s 0148,Jordan,2010,Solar,Public
Investor/s 0045,Sri Lanka,2010,Wind,Private
Investor/s 0043,Nigeria,2010,Wind,Private
Investor/s 0062,Jamaica,2010,Solar,Public
Investor/s 0063,Brazil,2010,Solar,Public
Investor/s 0104,Morocco,2010,Wind,Private
Investor/s 0181,Namibia,2010,Solar,Private
Investor/s 0135,Samoa,2010,Solar,Public
Investor/s 0007,South Africa,2010,Solar,Public
Investor/s 0165,Cape Verde,2010,Solar,Private
Investor/s 0180,Mongolia,2010,Solar,Private
Investor/s 0069,Namibia,2010,Solar,Private
Investor/s 0007,Nigeria,2010,Solar,Public
Investor/s 0031,Samoa,2010,Solar,Public
Investor/s 0169,El Salvador,2010,Solar,Public
Investor/s 0081,Belize,2010,Solar,Private
Investor/s 0136,Uganda,2010,Solar,Public
Investor/s 0014,Sri Lanka,2010,Wind,Public
Investor/s 0012,Guatemala,2010,Wind,Private
Investor/s 0159,Argentina,2010,Wind,Private
Investor/s 0178,Namibia,2010,Solar,Private
Investor/s 0013,Cape Verde,2010,Wind,Public
Investor/s 0167,Nicaragua,2010,Solar,Private
Investor/s 0150,Ethiopia,2010,Solar,Public
Investor/s 0092,Malaysia,2010,Wind,Private
Investor/s 0198,South Africa,2010,Solar,Private
Investor/s 0177,Guatemala,2010,Wind,Public
Investor/s 0004,Uganda,2010,Wind,Public
Investor/s 0177,Rwanda,2010,Wind,Private
Investor/s 0040,Guatemala,2010,Solar,Public
Investor/s 0002,Uganda,2010,Wind,Public
Investor/s 0199,Fiji,2010,Wind,Private
Investor/s 0001,Mauritania,2010,Wind,Public
Investor/s 0200,Nicaragua,2010,Solar,Private
Investor/s 0000,Yemen,2010,Wind,Public
Investor/s 0012,Morocco,2010,Wind,Private
Investor/s 0023,Vietnam,2010,Wind,Private
Investor/s 0089,Malaysia,2010,Wind,Public
Investor/s 0007,Nicaragua,2010,Wind,Public
Investor/s 0141,South Africa,2010,Solar,Public
Investor/s 0194,Guatemala,2010,Solar,Private
Investor/s 0023,Suriname,2010,Wind,Private
Investor/s 0178,Solomon Islands,2010,Solar,Public
Investor/s 0159,Pakistan,2010,Wind,Private
Investor/s 0195,Cuba,2010,Solar,Public
Investor/s 0014,Egypt,2010,Wind,Public
Investor/s 0021,Guatemala,2010,Wind,Private
Investor/s 0109,South Africa,2010,Solar,Private
Investor/s 0087,Costa Rica,2010,Wind,Private
Investor/s 0127,Tonga,2010,Wind,Private
Investor/s 0127,Fiji,2010,Wind,Private
Investor/s 0077,South Africa,2010,Solar,Private
Investor/s 0007,El Salvador,2010,Wind,Public
Investor/s 0016,Nigeria,2010,Wind,Private
Investor/s 0110,Burkina Faso,2010,Wind,Private
Investor/s 0174,Nepal,2010,Solar,Private
Investor/s 0004,Samoa,2011,Solar,Public
Investor/s 0056,Mexico,2011,Solar,Private
Investor/s 0058,Afghanistan,2011,Solar,Private
Investor/s 0107,Nepal,2011,Solar,Private
Investor/s 0076,Ghana,2011,Solar,Public
Investor/s 0180,Cuba,2011,Solar,Public
Investor/s 0091,Tonga,2011,Wind,Public
Investor/s 0040,Belize,2011,Wind,Public
Investor/s 0086,Egypt,2011,Wind,Private
Investor/s 0085,Kenya,2011,Wind,Public
Investor/s 0178,Namibia,2011,Solar,Private
Investor/s 0083,South Africa,2011,Wind,Private
Investor/s 0182,Nepal,2011,Solar,Private
Investor/s 0080,Cape Verde,2011,Solar,Private
Investor/s 0178,Malawi,2011,Solar,Private
Investor/s 0145,Pakistan,2011,Wind,Private
Investor/s 0071,Pakistan,2011,Solar,Private
Investor/s 0103,Sri Lanka,2011,Wind,Private
Investor/s 0040,Pakistan,2011,Solar,Public
Investor/s 0007,Dominican Republic,2011,Solar,Public
Investor/s 0004,Samoa,2011,Solar,Public
Investor/s 0055,Cape Verde,2011,Wind,Private
Investor/s 0065,Guatemala,2011,Solar,Private
Investor/s 0135,Benin,2011,Solar,Public
Investor/s 0155,Mongolia,2011,Solar,Private
Investor/s 0132,Vietnam,2011,Solar,Private
Investor/s 0163,Belize,2011,Solar,Private
Investor/s 0157,Mexico,2011,Wind,Public
Investor/s 0170,Jordan,2011,Wind,Public
Investor/s 0120,Ecuador,2011,Solar,Public
Investor/s 0026,Nepal,2011,Wind,Private
Investor/s 0186,Jamaica,2011,Solar,Private
Investor/s 0121,Guatemala,2011,Wind,Private
Investor/s 0026,Jamaica,2011,Wind,Private
Investor/s 0004,Yemen,2011,Wind,Public
Investor/s 0122,Namibia,2011,Wind,Public
Investor/s 0123,Fiji,2011,Solar,Private
Investor/s 0123,Ecuador,2011,Solar,Public
Investor/s 0117,Samoa,2011,Wind,Private
Investor/s 0004,Ethiopia,2011,Solar,Public
Investor/s 0023,Mali,2011,Wind,Private
Investor/s 0023,Thailand,2011,Wind,Private
Investor/s 0125,Egypt,2011,Wind,Private
Investor/s 0021,Fiji,2011,Wind,Private
Investor/s 0021,Tonga,2011,Wind,Private
Investor/s 0004,Samoa,2011,Wind,Public
Investor/s 0127,Tanzania,2011,Wind,Private
Investor/s 0013,South Africa,2011,Wind,Public
Investor/s 0010,Suriname,2011,Wind,Public
Investor/s 0162,Jordan,2011,Solar,Private
Investor/s 0007,Jordan,2011,Solar,Public
Investor/s 0161,Algeria,2011,Wind,Public
Investor/s 0003,Nigeria,2011,Wind,Public
Investor/s 0003,Jordan,2011,Wind,Private
Investor/s 0124,Vietnam,2011,Solar,Private
Investor/s 0031,Suriname,2011,Solar,Public
Investor/s 0176,Peru,2011,Solar,Private
Investor/s 0150,Jordan,2011,Solar,Private
Investor/s 0047,Afghanistan,2011,Wind,Private
Investor/s 0049,Jordan,2011,Wind,Private
Investor/s 0116,South Africa,2011,Wind,Private
Investor/s 0113,Malaysia,2011,Solar,Private
Investor/s 0150,Peru,2011,Solar,Private
Investor/s 0050,Suriname,2011,Solar,Private
Investor/s 0093,Suriname,2011,Solar,Private
Investor/s 0151,Jamaica,2011,Solar,Private
Investor/s 0115,Namibia,2011,Wind,Private
Investor/s 0039,Thailand,2011,Solar,Private
Investor/s 0184,Cuba,2011,Solar,Private
Investor/s 0153,Suriname,2011,Solar,Private
Investor/s 0035,Nepal,2011,Solar,Private
Investor/s 0050,Belize,2011,Solar,Private
Investor/s 0036,Cuba,2011,Solar,Private
Investor/s 0115,Ecuador,2011,Wind,Public
Investor/s 0040,Brazil,2012,Solar,Public
Investor/s 0067,Morocco,2012,Solar,Private
Investor/s 0077,Nicaragua,2012,Solar,Private
Investor/s 0108,Myanmar,2012,Solar,Private
Investor/s 0171,Morocco,2012,Wind,Private
Investor/s 0117,Rwanda,2012,Wind,Private
Investor/s 0108,Sierra Leone,2012,Solar,Private
Investor/s 0171,Cape Verde,2012,Wind,Private
Investor/s 0049,Brazil,2012,Wind,Private
Investor/s 0135,Thailand,2012,Solar,Private
Investor/s 0134,Algeria,2012,Solar,Private
Investor/s 0007,Tonga,2012,Solar,Public
Investor/s 0067,Burkina Faso,2012,Solar,Private
Investor/s 0117,Dominican Republic,2012,Wind,Public
Investor/s 0118,Cuba,2012,Wind,Private
Investor/s 0110,Argentina,2012,Wind,Public
Investor/s 0007,Belize,2012,Solar,Public
Investor/s 0007,Samoa,2012,Solar,Public
Investor/s 0171,Dominican Republic,2012,Wind,Private
Investor/s 0126,Burkina Faso,2012,Wind,Public
Investor/s 0168,Honduras,2012,Wind,Private
Investor/s 0106,Uganda,2012,Solar,Private
Investor/s 0133,Costa Rica,2012,Solar,Private
Investor/s 0108,South Africa,2012,Solar,Private
Investor/s 0171,Afghanistan,2012,Wind,Private
Investor/s 0168,Dominican Republic,2012,Wind,Private
Investor/s 0098,Rwanda,2012,Solar,Private
Investor/s 0170,Argentina,2012,Wind,Private
Investor/s 0021,Mali,2012,Wind,Private
Investor/s 0039,Ghana,2012,Solar,Private
Investor/s 0177,Thailand,2012,Wind,Private
Investor/s 0044,Peru,2012,Wind,Public
Investor/s 0117,Cuba,2012,Wind,Public
Investor/s 0042,Mali,2012,Solar,Private
Investor/s 0150,Benin,2012,Solar,Public
Investor/s 0034,Ecuador,2012,Solar,Private
Investor/s 0038,Samoa,2012,Solar,Private
Investor/s 0186,South Africa,2012,Solar,Private
Investor/s 0019,Sierra Leone,2012,Wind,Public
Investor/s 0032,Brazil,2012,Solar,Private
Investor/s 0030,Honduras,2012,Wind,Private
Investor/s 0187,Thailand,2012,Solar,Private
Investor/s 0188,Cape Verde,2012,Solar,Private
Investor/s 0189,Nepal,2012,Solar,Private
Investor/s 0021,Myanmar,2012,Wind,Private
Investor/s 0158,Brazil,2012,Wind,Public
Investor/s 0026,Afghanistan,2012,Wind,Private
Investor/s 0191,Maldives,2012,Solar,Private
Investor/s 0025,Benin,2012,Solar,Private
Investor/s 0021,Ghana,2012,Wind,Private
Investor/s 0021,Algeria,2012,Wind,Private
Investor/s 0023,Cuba,2012,Wind,Private
Investor/s 0020,Rwanda,2012,Wind,Public
Investor/s 0019,Thailand,2012,Wind,Public
Investor/s 0160,Afghanistan,2012,Solar,Public
Investor/s 0197,Argentina,2012,Solar,Public
Investor/s 0017,Peru,2012,Wind,Private
Investor/s 0011,Solomon Islands,2012,Solar,Private
Investor/s 0008,Solomon Islands,2012,Wind,Private
Investor/s 0006,Philippines,2012,Wind,Private
Investor/s 0150,Uganda,2012,Solar,Public
Investor/s 0185,Mali,2012,Solar,Private
Investor/s 0044,Jordan,2012,Wind,Private
Investor/s 0184,Morocco,2012,Solar,Public
Investor/s 0040,Honduras,2012,Solar,Public
Investor/s 0070,Nigeria,2012,Wind,Private
Investor/s 0146,Morocco,2012,Solar,Private
Investor/s 0068,Kenya,2012,Solar,Private
Investor/s 0146,Thailand,2012,Solar,Public
Investor/s 0066,Jordan,2012,Wind,Public
Investor/s 0048,Jamaica,2012,Wind,Public
Investor/s 0077,Namibia,2012,Solar,Private
Investor/s 0128,Fiji,2012,Solar,Private
Investor/s 0064,Algeria,2012,Solar,Private
Investor/s 0010,Mexico,2012,Solar,Public
Investor/s 0178,Malaysia,2012,Solar,Private
Investor/s 0145,Jordan,2012,Wind,Public
Investor/s 0181,Ecuador,2012,Solar,Public
Investor/s 0057,Guatemala,2012,Wind,Public
Investor/s 0166,Kenya,2012,Solar,Private
Investor/s 0178,Tonga,2012,Solar,Public
Investor/s 0055,Ethiopia,2012,Wind,Public
Investor/s 0149,Tanzania,2012,Solar,Private
Investor/s 0164,Rwanda,2012,Wind,Private
Investor/s 0054,Tanzania,2012,Solar,Private
Investor/s 0053,Ethiopia,2012,Wind,Private
Investor/s 0139,Jordan,2012,Solar,Private
Investor/s 0057,Mongolia,2012,Wind,Public
Investor/s 0022,Kenya,2012,Wind,Public
Investor/s 0021,Suriname,2013,Wind,Private
Investor/s 0140,Mongolia,2013,Solar,Private
Investor/s 0168,Thailand,2013,Wind,Private
Investor/s 0129,Guatemala,2013,Solar,Private
Investor/s 0131,Kenya,2013,Solar,Private
Investor/s 0147,Morocco,2013,Solar,Private
Investor/s 0165,Egypt,2013,Solar,Public
Investor/s 0164,Suriname,2013,Wind,Public
Investor/s 0154,South Africa,2013,Solar,Private
Investor/s 0152,Egypt,2013,Solar,Private
Investor/s 0109,Uganda,2013,Solar,Private
Investor/s 0150,Vietnam,2013,Solar,Public
Investor/s 0109,Jordan,2013,Solar,Private
Investor/s 0150,Vietnam,2013,Solar,Private
Investor/s 0021,Ghana,2013,Wind,Private
Investor/s 0000,Argentina,2013,Wind,Private
Investor/s 0021,Tonga,2013,Wind,Private
Investor/s 0049,Ethiopia,2013,Wind,Private
Investor/s 0065,Myanmar,2013,Solar,Private
Investor/s 0063,Nicaragua,2013,Solar,Private
Investor/s 0059,Nicaragua,2013,Wind,Public
Investor/s 0055,Tonga,2013,Wind,Public
Investor/s 0055,Nepal,2013,Wind,Private
Investor/s 0065,Honduras,2013,Solar,Private
Investor/s 0055,Zimbabwe,2013,Wind,Public
Investor/s 0163,Suriname,2013,Solar,Private
Investor/s 0046,Brazil,2013,Wind,Private
Investor/s 0030,Afghanistan,2013,Wind,Private
Investor/s 0034,Costa Rica,2013,Solar,Private
Investor/s 0041,Benin,2013,Solar,Public
Investor/s 0039,Rwanda,2013,Solar,Private
Investor/s 0038,Myanmar,2013,Solar,Private
Investor/s 0037,Sri Lanka,2013,Solar,Private
Investor/s 0186,Suriname,2013,Solar,Private
Investor/s 0033,Suriname,2013,Wind,Public
Investor/s 0031,Cuba,2013,Wind,Public
Investor/s 0031,Tonga,2013,Wind,Public
Investor/s 0021,Ecuador,2013,Wind,Private
Investor/s 0186,Ethiopia,2013,Solar,Private
Investor/s 0026,Uganda,2013,Wind,Private
Investor/s 0192,Nepal,2013,Solar,Private
Investor/s 0021,Sri Lanka,2013,Wind,Private
Investor/s 0020,Mali,2013,Wind,Private
Investor/s 0179,Jordan,2013,Solar,Public
Investor/s 0009,Yemen,2013,Solar,Public
Investor/s 0066,Nigeria,2013,Wind,Private
Investor/s 0179,Brazil,2013,Solar,Public
Investor/s 0007,Nigeria,2013,Solar,Public
Investor/s 0074,Solomon Islands,2013,Wind,Private
Investor/s 0049,Benin,2013,Wind,Private
Investor/s 0098,Burkina Faso,2013,Solar,Private
Investor/s 0125,Guatemala,2013,Wind,Private
Investor/s 0119,Solomon Islands,2013,Wind,Private
Investor/s 0004,Philippines,2013,Wind,Public
Investor/s 0021,Cuba,2013,Wind,Private
Investor/s 0172,Sri Lanka,2013,Wind,Private
Investor/s 0173,Mauritania,2013,Solar,Private
Investor/s 0175,Honduras,2013,Solar,Public
Investor/s 0001,Solomon Islands,2013,Wind,Public
Investor/s 0109,Argentina,2013,Solar,Private
Investor/s 0105,Suriname,2013,Solar,Private
Investor/s 0178,Tonga,2013,Solar,Private
Investor/s 0099,Pakistan,2013,Solar,Public
Investor/s 0097,Nepal,2013,Solar,Private
Investor/s 0059,Brazil,2013,Wind,Private
Investor/s 0021,Egypt,2013,Wind,Private
Investor/s 0095,Costa Rica,2013,Solar,Private
Investor/s 0177,Fiji,2013,Wind,Public
Investor/s 0178,Cape Verde,2013,Solar,Private
Investor/s 0082,Honduras,2013,Solar,Private
Investor/s 0198,Tanzania,2014,Solar,Public
Investor/s 0171,Nicaragua,2014,Wind,Private
Investor/s 0171,Samoa,2014,Wind,Private
Investor/s 0109,Fiji,2014,Solar,Private
Investor/s 0196,South Africa,2014,Solar,Private
Investor/s 0195,Ethiopia,2014,Solar,Private
Investor/s 0178,Ghana,2014,Solar,Public
Investor/s 0193,Peru,2014,Solar,Public
Investor/s 0165,Mali,2014,Solar,Private
Investor/s 0191,Philippines,2014,Solar,Private
Investor/s 0171,Myanmar,2014,Wind,Private
Investor/s 0171,Sri Lanka,2014,Wind,Private
Investor/s 0007,Guatemala,2014,Wind,Public
Investor/s 0172,Dominican Republic,2014,Wind,Public
Investor/s 0182,Brazil,2014,Solar,Private
Investor/s 0164,Afghanistan,2014,Wind,Public
Investor/s 0178,Thailand,2014,Solar,Public
Investor/s 0176,Yemen,2014,Solar,Public
Investor/s 0183,Kenya,2014,Solar,Public
Investor/s 0167,South Africa,2014,Solar,Public
Investor/s 0185,Benin,2014,Solar,Public
Investor/s 0186,Sri Lanka,2014,Solar,Private
Investor/s 0148,Egypt,2014,Solar,Private
Investor/s 0021,Fiji,2014,Wind,Private
Investor/s 0021,Fiji,2014,Wind,Private
Investor/s 0098,Namibia,2014,Solar,Private
Investor/s 0031,Nigeria,2014,Wind,Public
Investor/s 0027,Honduras,2014,Wind,Public
Investor/s 0049,Guatemala,2014,Wind,Private
Investor/s 0049,Zimbabwe,2014,Wind,Private
Investor/s 0004,Mali,2014,Wind,Public
Investor/s 0064,Bangladesh,2014,Solar,Public
Investor/s 0029,Vietnam,2014,Wind,Private
Investor/s 0084,Nigeria,2014,Solar,Public
Investor/s 0113,Yemen,2014,Solar,Public
Investor/s 0112,Egypt,2014,Solar,Private
Investor/s 0088,Fiji,2014,Wind,Private
Investor/s 0082,Ghana,2014,Solar,Private
Investor/s 0051,South Africa,2014,Wind,Private
Investor/s 0048,Ghana,2014,Solar,Public
Investor/s 0007,Jamaica,2014,Solar,Public
Investor/s 0099,Thailand,2014,Solar,Private
Investor/s 0050,Mongolia,2014,Solar,Public
Investor/s 0094,Dominican Republic,2014,Solar,Public
Investor/s 0112,Solomon Islands,2014,Solar,Public
Investor/s 0021,Ecuador,2014,Wind,Private
Investor/s 0132,Bangladesh,2014,Solar,Public
Investor/s 0025,Yemen,2014,Solar,Private
Investor/s 0061,Nicaragua,2014,Solar,Private
Investor/s 0021,Mauritania,2014,Wind,Private
Investor/s 0001,Nepal,2014,Wind,Private
Investor/s 0002,Honduras,2014,Wind,Private
Investor/s 0005,Myanmar,2014,Solar,Private
Investor/s 0013,Sri Lanka,2014,Wind,Public
Investor/s 0073,Sierra Leone,2014,Solar,Private
Investor/s 0056,Bangladesh,2014,Solar,Public
Investor/s 0022,Algeria,2014,Wind,Public
Investor/s 0018,Suriname,2014,Solar,Public
Investor/s 0078,Tanzania,2014,Solar,Private
Investor/s 0098,Suriname,2014,Solar,Private
Investor/s 0082,Cape Verde,2014,Solar,Private
Investor/s 0138,Sierra Leone,2014,Solar,Private
Investor/s 0025,Sierra Leone,2014,Solar,Public
Investor/s 0136,Guatemala,2014,Solar,Private
Investor/s 0023,South Africa,2014,Wind,Private
Investor/s 0049,Guatemala,2014,Wind,Private
Investor/s 0163,Jamaica,2015,Solar,Private
Investor/s 0055,Malawi,2015,Wind,Private
Investor/s 0109,Egypt,2015,Solar,Private
Investor/s 0060,Ghana,2015,Solar,Private
Investor/s 0046,Namibia,2015,Solar,Private
Investor/s 0052,Cape Verde,2015,Wind,Public
Investor/s 0050,Benin,2015,Solar,Public
Investor/s 0161,Fiji,2015,Wind,Private
Investor/s 0040,Myanmar,2015,Solar,Public
Investor/s 0059,Ghana,2015,Wind,Public
Investor/s 0005,South Africa,2015,Solar,Public
Investor/s 0015,Cape Verde,2015,Solar,Private
Investor/s 0017,Malaysia,2015,Wind,Public
Investor/s 0197,Jamaica,2015,Solar,Private
Investor/s 0023,Rwanda,2015,Wind,Private
Investor/s 0023,Nigeria,2015,Wind,Private
Investor/s 0047,Afghanistan,2015,Wind,Public
Investor/s 0024,Costa Rica,2015,Wind,Public
Investor/s 0025,Cape Verde,2015,Solar,Public
Investor/s 0026,Cape Verde,2015,Wind,Private
Investor/s 0190,Nigeria,2015,Solar,Private
Investor/s 0187,Malawi,2015,Solar,Public
Investor/s 0077,Dominican Republic,2015,Solar,Private
Investor/s 0034,Ecuador,2015,Wind,Private
Investor/s 0031,Ecuador,2015,Solar,Public
Investor/s 0192,Ethiopia,2015,Solar,Public
Investor/s 0067,Ecuador,2015,Solar,Private
Investor/s 0028,El Salvador,2015,Wind,Private
Investor/s 0068,Jordan,2015,Solar,Private
Investor/s 0098,Tanzania,2015,Wind,Private
Investor/s 0130,Ethiopia,2015,Solar,Public
Investor/s 0133,Uganda,2015,Solar,Public
Investor/s 0169,South Africa,2015,Solar,Private
Investor/s 0137,Dominican Republic,2015,Solar,Private
Investor/s 0138,Malaysia,2015,Solar,Public
Investor/s 0007,Cuba,2015,Wind,Public
Investor/s 0007,Maldives,2015,Wind,Public
Investor/s 0141,Honduras,2015,Solar,Public
Investor/s 0142,Tonga,2015,Solar,Private
Investor/s 0143,Cuba,2015,Solar,Private
Investor/s 0165,Tonga,2015,Solar,Public
Investor/s 0135,South Africa,2015,Solar,Private
Investor/s 0109,Benin,2015,Solar,Private
Investor/s 0157,Egypt,2015,Wind,Public
Investor/s 0164,Sierra Leone,2015,Wind,Private
Investor/s 0158,Benin,2015,Wind,Private
Investor/s 0046,Thailand,2015,Solar,Private
Investor/s 0160,Argentina,2015,Wind,Public
Investor/s 0098,Uganda,2015,Solar,Private
Investor/s 0098,El Salvador,2015,Solar,Private
Investor/s 0141,Suriname,2015,Solar,Public
Investor/s 0049,Nepal,2015,Wind,Private
Investor/s 0040,Ethiopia,2015,Solar,Public
Investor/s 0072,Afghanistan,2015,Solar,Private
Investor/s 0075,South Africa,2015,Wind,Private
Investor/s 0069,Peru,2015,Solar,Private
Investor/s 0079,Dominican Republic,2015,Solar,Public
Investor/s 0007,Sri Lanka,2015,Solar,Public
Investor/s 0021,Honduras,2015,Wind,Private
Investor/s 0090,Morocco,2015,Wind,Public
Investor/s 0092,Maldives,2015,Wind,Public
Investor/s 0178,Mexico,2015,Solar,Private
Investor/s 0040,Nicaragua,2015,Solar,Public
Investor/s 0040,Costa Rica,2015,Solar,Public
Investor/s 0096,Afghanistan,2015,Solar,Public
Investor/s 0114,Nicaragua,2015,Solar,Public
Investor/s 0100,Egypt,2015,Solar,Public
Investor/s 0109,Kenya,2015,Solar,Private
Investor/s 0001,South Africa,2015,Wind,Private
Investor/s 0111,Ethiopia,2015,Solar,Private
Investor/s 0093,Samoa,2015,Solar,Private
Investor/s 0373,Tonga,2016,Wind,Public
Investor/s 0370,Mozambique,2016,Wind,Private
Investor/s 0368,Senegal,2016,Solar,Public
Investor/s 0156,Cambodia,2016,Solar,Private
Investor/s 0366,Cook Islands,2016,Wind,Public
Investor/s 0366,Cambodia,2016,Wind,Private
Investor/s 0359,Mongolia,2016,Solar,Private
Investor/s 0361,Jordan,2016,Solar,Private
Investor/s 0360,Senegal,2016,Solar,Public
Investor/s 0084,Mauritania,2016,Solar,Public
Investor/s 0082,Cuba,2016,Solar,Private
Investor/s 0168,Cameroon,2016,Wind,Private
Investor/s 0238,Tanzania,2016,Solar,Private
Investor/s 0355,Marshall Islands,2016,Wind,Public
Investor/s 0363,Cambodia,2016,Solar,Public
Investor/s 0374,Mauritania,2016,Solar,Private
Investor/s 0389,Madagascar,2016,Solar,Private
Investor/s 0349,Niger,2016,Solar,Private
Investor/s 0400,Colombia,2016,Wind,Private
Investor/s 0355,El Salvador,2016,Wind,Private
Investor/s 0398,Marshall Islands,2016,Solar,Private
Investor/s 0031,Burundi,2016,Solar,Public
Investor/s 0395,Cambodia,2016,Solar,Public
Investor/s 0393,Namibia,2016,Solar,Private
Investor/s 0375,Eritrea,2016,Wind,Public
Investor/s 0391,Ethiopia,2016,Solar,Public
Investor/s 0402,Malawi,2016,Wind,Private
Investor/s 0388,Cook Islands,2016,Solar,Public
Investor/s 0384,Burundi,2016,Wind,Public
Investor/s 0384,Mexico,2016,Wind,Private
Investor/s 0383,Libya,2016,Solar,Public
Investor/s 0349,Vietnam,2016,Solar,Public
Investor/s 0391,Colombia,2016,Solar,Private
Investor/s 0098,Colombia,2016,Wind,Private
Investor/s 0298,Nepal,2016,Solar,Private
Investor/s 0347,Senegal,2016,Solar,Public
Investor/s 0297,Peru,2016,Solar,Private
Investor/s 0295,Pakistan,2016,Solar,Public
Investor/s 0293,Jordan,2016,Solar,Public
Investor/s 0292,Maldives,2016,Solar,Private
Investor/s 0248,Madagascar,2016,Wind,Public
Investor/s 0067,Costa Rica,2016,Solar,Private
Investor/s 0297,Iran,2016,Solar,Public
Investor/s 0281,Iran,2016,Wind,Public
Investor/s 0022,Mauritania,2016,Solar,Public
Investor/s 0022,Bolivia,2016,Solar,Public
Investor/s 0279,Maldives,2016,Solar,Public
Investor/s 0091,Madagascar,2016,Solar,Private
Investor/s 0258,Gambia,2016,Solar,Public
Investor/s 0406,Burundi,2016,Solar,Public
Investor/s 0281,Honduras,2016,Wind,Public
Investor/s 0305,Pakistan,2016,Solar,Private
Investor/s 0313,Dominican Republic,2016,Solar,Public
Investor/s 0317,Nigeria,2016,Solar,Private
Investor/s 0347,Tunisia,2016,Solar,Private
Investor/s 0347,Mexico,2016,Solar,Public
Investor/s 0347,Philippines,2016,Solar,Public
Investor/s 0341,Argentina,2016,Wind,Private
Investor/s 0208,Madagascar,2016,Wind,Public
Investor/s 0295,Chad,2016,Solar,Public
Investor/s 0295,Mongolia,2016,Solar,Public
Investor/s 0333,Maldives,2016,Solar,Private
Investor/s 0331,Mexico,2016,Solar,Private
Investor/s 0330,Nepal,2016,Solar,Private
Investor/s 0328,Cameroon,2016,Solar,Public
Investor/s 0326,Cambodia,2016,Wind,Private
Investor/s 0322,Costa Rica,2016,Wind,Private
Investor/s 0004,Jordan,2016,Solar,Public
Investor/s 0306,Nepal,2016,Solar,Public
Investor/s 0350,Egypt,2016,Wind,Public
Investor/s 0224,Vietnam,2016,Solar,Private
Investor/s 0478,Malaysia,2016,Solar,Private
Investor/s 0411,Samoa,2016,Solar,Private
Investor/s 0444,Zimbabwe,2016,Solar,Public
Investor/s 0472,Sri Lanka,2016,Solar,Public
Investor/s 0294,Malaysia,2016,Solar,Private
Investor/s 0469,Cote d'Ivoire,2016,Solar,Private
Investor/s 0468,Togo,2016,Wind,Public
Investor/s 0448,Peru,2016,Solar,Private
Investor/s 0438,Tanzania,2016,Solar,Private
Investor/s 0462,Madagascar,2016,Solar,Private
Investor/s 0465,Zambia,2016,Solar,Private
Investor/s 0463,Afghanistan,2016,Solar,Public
Investor/s 0461,South Africa,2016,Solar,Public
Investor/s 0086,South Africa,2016,Solar,Private
Investor/s 0086,Nigeria,2016,Solar,Private
Investor/s 0086,Madagascar,2016,Solar,Private
Investor/s 0342,Zimbabwe,2016,Solar,Private
Investor/s 0155,Mongolia,2016,Solar,Private
Investor/s 0040,Bolivia,2016,Solar,Public
Investor/s 0483,Malawi,2016,Wind,Private
Investor/s 0276,Somalia,2016,Wind,Private
Investor/s 0505,Nigeria,2016,Solar,Private
Investor/s 0475,Bolivia,2016,Solar,Public
Investor/s 0501,Iran,2016,Solar,Public
Investor/s 0019,Togo,2016,Solar,Public
Investor/s 0444,Cote d'Ivoire,2016,Solar,Public
Investor/s 0040,Thailand,2016,Solar,Public
Investor/s 0444,Mongolia,2016,Solar,Public
Investor/s 0496,Thailand,2016,Solar,Private
Investor/s 0040,Mexico,2016,Solar,Public
Investor/s 0483,Tanzania,2016,Wind,Private
Investor/s 0315,Zimbabwe,2016,Solar,Private
Investor/s 0388,Philippines,2016,Solar,Public
Investor/s 0483,Cambodia,2016,Wind,Private
Investor/s 0496,Somalia,2016,Solar,Private
Investor/s 0454,Ghana,2016,Solar,Private
Investor/s 0458,Peru,2016,Wind,Private
Investor/s 0440,Guiana,2016,Wind,Private
Investor/s 0436,Kenya,2016,Solar,Private
Investor/s 0435,Zimbabwe,2016,Solar,Private
Investor/s 0095,Mexico,2016,Solar,Private
Investor/s 0433,Ghana,2016,Solar,Private
Investor/s 0432,El Salvador,2016,Solar,Private
Investor/s 0372,Burundi,2016,Solar,Private
Investor/s 0228,Marshall Islands,2016,Solar,Private
Investor/s 0228,Cuba,2016,Solar,Private
Investor/s 0426,El Salvador,2016,Solar,Private
Investor/s 0425,Mongolia,2016,Solar,Private
Investor/s 0423,Nepal,2016,Solar,Public
Investor/s 0265,Dominican Republic,2016,Wind,Public
Investor/s 0420,Cuba,2016,Solar,Private
Investor/s 0417,Somalia,2016,Solar,Private
Investor/s 0228,Ethiopia,2016,Solar,Private
Investor/s 0438,Samoa,2016,Solar,Private
Investor/s 0439,Nigeria,2016,Wind,Public
Investor/s 0440,Peru,2016,Wind,Private
Investor/s 0457,Kenya,2016,Wind,Public
Investor/s 0456,Honduras,2016,Solar,Public
Investor/s 0364,Guatemala,2016,Solar,Public
Investor/s 0455,Zimbabwe,2016,Solar,Private
Investor/s 0451,Vietnam,2016,Solar,Public
Investor/s 0450,Tonga,2016,Wind,Private
Investor/s 0446,Chad,2016,Wind,Private
Investor/s 0445,Tanzania,2016,Solar,Public
Investor/s 0444,Mexico,2016,Solar,Public
Investor/s 0443,Cameroon,2016,Wind,Private
Investor/s 0014,Bangladesh,2016,Wind,Public
Investor/s 0442,Cameroon,2016,Solar,Private
Investor/s 0441,Cambodia,2016,Wind,Public
Investor/s 0440,Mexico,2016,Wind,Private
Investor/s 0440,Morocco,2016,Wind,Private
Investor/s 0409,Colombia,2016,Solar,Public
Investor/s 0271,Burundi,2016,Solar,Private
Investor/s 0266,Vietnam,2016,Solar,Public
Investor/s 0508,Iran,2016,Solar,Private
Investor/s 0209,Malaysia,2016,Wind,Private
Investor/s 0269,Cambodia,2016,Solar,Public
Investor/s 0211,Mozambique,2016,Wind,Public
Investor/s 0212,Sri Lanka,2016,Solar,Private
Investor/s 0269,Togo,2016,Solar,Public
Investor/s 0213,Guatemala,2016,Solar,Public
Investor/s 0215,Peru,2016,Wind,Private
Investor/s 0205,Mexico,2016,Solar,Private
Investor/s 0206,Afghanistan,2016,Solar,Public
Investor/s 0221,Jamaica,2016,Solar,Public
Investor/s 0222,South Africa,2016,Solar,Private
Investor/s 0225,Sierra Leone,2016,Solar,Public
Investor/s 0207,Marshall Islands,2016,Solar,Private
Investor/s 0229,Burkina Faso,2016,Solar,Private
Investor/s 0237,Guiana,2016,Solar,Public
Investor/s 0239,Ghana,2016,Solar,Public
Investor/s 0245,Guiana,2016,Solar,Private
Investor/s 0234,Honduras,2016,Solar,Private
Investor/s 0237,Cuba,2016,Solar,Private
Investor/s 0237,Ethiopia,2016,Solar,Public
Investor/s 0264,Gambia,2016,Solar,Public
Investor/s 0255,Jamaica,2016,Wind,Public
Investor/s 0091,Guatemala,2016,Wind,Public
Investor/s 0256,Nepal,2016,Wind,Private
Investor/s 0259,Vietnam,2016,Solar,Private
Investor/s 0259,Senegal,2016,Solar,Public
Investor/s 0266,Costa Rica,2016,Solar,Private
Investor/s 0206,Cote d'Ivoire,2016,Solar,Private
Investor/s 0225,Maldives,2016,Solar,Private
Investor/s 0066,Costa Rica,2016,Wind,Public
Investor/s 0171,Mozambique,2016,Wind,Private
Investor/s 0171,Mexico,2016,Wind,Private
Investor/s 0204,Malawi,2016,Wind,Public
Investor/s 0203,Indonesia,2016,Solar,Public
Investor/s 0203,Costa Rica,2016,Solar,Private
Investor/s 0171,Malawi,2016,Wind,Private
Investor/s 0066,Argentina,2016,Wind,Public
Investor/s 0349,Mali,2017,Solar,Public
Investor/s 0497,Morocco,2017,Wind,Private
Investor/s 0381,Pakistan,2017,Wind,Private
Investor/s 0205,Indonesia,2017,Solar,Public
Investor/s 0373,Mauritania,2017,Wind,Public
Investor/s 0373,Madagascar,2017,Wind,Public
Investor/s 0349,Iran,2017,Solar,Private
Investor/s 0372,Malawi,2017,Solar,Private
Investor/s 0379,Afghanistan,2017,Solar,Private
Investor/s 0349,Marshall Islands,2017,Solar,Private
Investor/s 0244,Cote d'Ivoire,2017,Solar,Public
Investor/s 0247,Jordan,2017,Solar,Private
Investor/s 0234,Niger,2017,Solar,Private
Investor/s 0240,Ethiopia,2017,Solar,Private
Investor/s 0392,Iran,2017,Wind,Private
Investor/s 0394,Mozambique,2017,Solar,Private
Investor/s 0239,Thailand,2017,Solar,Private
Investor/s 0234,Cote d'Ivoire,2017,Solar,Private
Investor/s 0396,Cote d'Ivoire,2017,Solar,Private
Investor/s 0396,Iran,2017,Solar,Public
Investor/s 0397,Sierra Leone,2017,Solar,Private
Investor/s 0399,Bolivia,2017,Solar,Private
Investor/s 0494,Bolivia,2017,Solar,Private
Investor/s 0401,Pakistan,2017,Solar,Private
Investor/s 0383,Zambia,2017,Solar,Private
Investor/s 0369,Egypt,2017,Solar,Private
Investor/s 0365,Egypt,2017,Wind,Public
Investor/s 0368,Burkina Faso,2017,Solar,Private
Investor/s 0506,Pakistan,2017,Solar,Private
Investor/s 0340,El Salvador,2017,Solar,Public
Investor/s 0502,Senegal,2017,Solar,Private
Investor/s 0347,Afghanistan,2017,Solar,Private
Investor/s 0348,Bolivia,2017,Wind,Public
Investor/s 0276,Bangladesh,2017,Wind,Private
Investor/s 0202,Egypt,2017,Wind,Private
Investor/s 0349,Gambia,2017,Solar,Private
Investor/s 0351,Tonga,2017,Wind,Private
Investor/s 0352,Kenya,2017,Solar,Private
Investor/s 0353,Eritrea,2017,Wind,Private
Investor/s 0354,Nigeria,2017,Wind,Public
Investor/s 0202,Afghanistan,2017,Wind,Public
Investor/s 0255,Philippines,2017,Wind,Private
Investor/s 0082,Afghanistan,2017,Solar,Private
Investor/s 0254,Iran,2017,Wind,Private
Investor/s 0098,Burkina Faso,2017,Wind,Private
Investor/s 0082,Tonga,2017,Solar,Private
Investor/s 0082,South Africa,2017,Solar,Private
Investor/s 0252,Dominican Republic,2017,Solar,Private
Investor/s 0364,Marshall Islands,2017,Solar,Private
Investor/s 0364,Guiana,2017,Solar,Public
Investor/s 0500,Argentina,2017,Solar,Private
Investor/s 0365,Somalia,2017,Wind,Private
Investor/s 0402,Chad,2017,Solar,Private
Investor/s 0247,Guatemala,2017,Solar,Public
Investor/s 0404,Honduras,2017,Solar,Private
Investor/s 0409,Cote d'Ivoire,2017,Solar,Private
Investor/s 0405,Costa Rica,2017,Solar,Private
Investor/s 0459,Sierra Leone,2017,Solar,Private
Investor/s 0155,Madagascar,2017,Solar,Private
Investor/s 0485,Uganda,2017,Wind,Private
Investor/s 0444,Samoa,2017,Solar,Public
Investor/s 0207,Madagascar,2017,Solar,Private
Investor/s 0086,Burundi,2017,Solar,Private
Investor/s 0060,Nepal,2017,Solar,Private
Investor/s 0204,South Africa,2017,Wind,Private
Investor/s 0462,Madagascar,2017,Solar,Public
Investor/s 0004,Ghana,2017,Wind,Public
Investor/s 0004,Guiana,2017,Wind,Public
Investor/s 0031,Eritrea,2017,Wind,Public
Investor/s 0457,Zimbabwe,2017,Wind,Private
Investor/s 0456,Tonga,2017,Solar,Private
Investor/s 0466,Vietnam,2017,Solar,Public
Investor/s 0482,Indonesia,2017,Solar,Private
Investor/s 0461,Bangladesh,2017,Solar,Public
Investor/s 0448,Malawi,2017,Solar,Private
Investor/s 0211,Cote d'Ivoire,2017,Wind,Private
Investor/s 0480,South Africa,2017,Solar,Public
Investor/s 0007,Jordan,2017,Solar,Public
Investor/s 0444,Morocco,2017,Solar,Public
Investor/s 0474,Togo,2017,Solar,Private
Investor/s 0475,Madagascar,2017,Solar,Private
Investor/s 0475,Guatemala,2017,Solar,Public
Investor/s 0476,Mexico,2017,Solar,Private
Investor/s 0327,Madagascar,2017,Solar,Private
Investor/s 0205,Pakistan,2017,Solar,Public
Investor/s 0364,Dominican Republic,2017,Solar,Private
Investor/s 0207,Zambia,2017,Solar,Private
Investor/s 0477,Thailand,2017,Solar,Public
Investor/s 0410,Mauritania,2017,Solar,Private
Investor/s 0413,Cameroon,2017,Solar,Private
Investor/s 0414,Cook Islands,2017,Solar,Private
Investor/s 0493,Cook Islands,2017,Solar,Public
Investor/s 0415,Colombia,2017,Solar,Private
Investor/s 0416,Burundi,2017,Solar,Private
Investor/s 0235,Egypt,2017,Solar,Private
Investor/s 0422,Malaysia,2017,Solar,Public
Investor/s 0423,Ethiopia,2017,Solar,Private
Investor/s 0231,Indonesia,2017,Solar,Private
Investor/s 0230,Maldives,2017,Solar,Public
Investor/s 0493,Nigeria,2017,Solar,Public
Investor/s 0430,Cote d'Ivoire,2017,Solar,Private
Investor/s 0493,Morocco,2017,Solar,Public
Investor/s 0095,El Salvador,2017,Solar,Private
Investor/s 0224,Honduras,2017,Solar,Private
Investor/s 0437,Tanzania,2017,Solar,Private
Investor/s 0439,Peru,2017,Wind,Private
Investor/s 0492,Cameroon,2017,Solar,Private
Investor/s 0441,Togo,2017,Wind,Private
Investor/s 0066,Guatemala,2017,Wind,Public
Investor/s 0220,Vietnam,2017,Solar,Private
Investor/s 0447,Mexico,2017,Wind,Private
Investor/s 0447,Thailand,2017,Wind,Public
Investor/s 0486,Ghana,2017,Wind,Private
Investor/s 0455,Dominican Republic,2017,Solar,Public
Investor/s 0406,Gambia,2017,Solar,Private
Investor/s 0337,Cameroon,2017,Solar,Private
Investor/s 0171,El Salvador,2017,Wind,Private
Investor/s 0314,Guiana,2017,Solar,Public
Investor/s 0258,Libya,2017,Solar,Public
Investor/s 0314,Bangladesh,2017,Solar,Public
Investor/s 0262,Cameroon,2017,Solar,Private
Investor/s 0091,Afghanistan,2017,Solar,Public
Investor/s 0258,Uganda,2017,Solar,Public
Investor/s 0279,Argentina,2017,Solar,Private
Investor/s 0004,Sri Lanka,2017,Solar,Private
Investor/s 0280,Namibia,2017,Wind,Public
Investor/s 0268,Kenya,2017,Solar,Private
Investor/s 0324,Cote d'Ivoire,2017,Solar,Private
Investor/s 0317,Tonga,2017,Solar,Public
Investor/s 0329,Burundi,2017,Solar,Public
Investor/s 0236,Cameroon,2017,Solar,Private
Investor/s 0292,Samoa,2017,Solar,Public
Investor/s 0168,Zimbabwe,2017,Wind,Private
Investor/s 0269,Gambia,2017,Solar,Public
Investor/s 0321,Samoa,2017,Solar,Private
Investor/s 0290,Mongolia,2017,Solar,Private
Investor/s 0320,Zambia,2017,Solar,Private
Investor/s 0260,El Salvador,2017,Solar,Private
Investor/s 0286,Bolivia,2017,Solar,Private
Investor/s 0013,Ethiopia,2017,Solar,Public
Investor/s 0207,South Africa,2017,Wind,Private
Investor/s 0319,Mozambique,2017,Solar,Private
Investor/s 0264,Uganda,2017,Solar,Private
Investor/s 0261,Madagascar,2017,Solar,Public
Investor/s 0318,Burkina Faso,2017,Wind,Public
Investor/s 0293,Burkina Faso,2017,Solar,Private
Investor/s 0270,Peru,2017,Solar,Private
Investor/s 0270,Ethiopia,2017,Solar,Private
Investor/s 0271,Colombia,2017,Solar,Public
Investor/s 0297,Uganda,2017,Solar,Private
Investor/s 0332,South Africa,2017,Solar,Private
Investor/s 0306,Mongolia,2017,Solar,Public
Investor/s 0300,Zimbabwe,2017,Solar,Private
Investor/s 0171,Sierra Leone,2017,Wind,Private
Investor/s 0297,Argentina,2017,Solar,Public
Investor/s 0275,Indonesia,2017,Wind,Public
Investor/s 0171,Sri Lanka,2017,Wind,Private
Investor/s 0303,Samoa,2017,Solar,Private
Investor/s 0310,Cambodia,2017,Solar,Private
Investor/s 0299,Guiana,2017,Solar,Private
Investor/s 0313,Togo,2017,Solar,Private
Investor/s 0301,Burkina Faso,2017,Wind,Public
Investor/s 0450,Malawi,2018,Wind,Public
Investor/s 0449,Honduras,2018,Solar,Private
Investor/s 0448,Mongolia,2018,Solar,Private
Investor/s 0007,Jordan,2018,Wind,Public
Investor/s 0449,Morocco,2018,Solar,Public
Investor/s 0450,Zambia,2018,Wind,Public
Investor/s 0448,Malawi,2018,Solar,Private
Investor/s 0298,Mauritania,2018,Solar,Public
Investor/s 0453,Namibia,2018,Solar,Private
Investor/s 0454,Nepal,2018,Solar,Private
Investor/s 0291,Zambia,2018,Solar,Private
Investor/s 0289,Niger,2018,Solar,Public
Investor/s 0306,Sri Lanka,2018,Solar,Private
Investor/s 0289,Sri Lanka,2018,Solar,Private
Investor/s 0412,Philippines,2018,Solar,Public
Investor/s 0440,Kenya,2018,Wind,Private
Investor/s 0387,Guatemala,2018,Solar,Private
Investor/s 0216,Mauritania,2018,Solar,Public
Investor/s 0452,Afghanistan,2018,Wind,Private
Investor/s 0415,Guatemala,2018,Solar,Public
Investor/s 0418,Bolivia,2018,Solar,Public
Investor/s 0445,Maldives,2018,Solar,Private
Investor/s 0228,Kenya,2018,Wind,Private
Investor/s 0428,Namibia,2018,Solar,Private
Investor/s 0431,Argentina,2018,Solar,Private
Investor/s 0425,Iran,2018,Solar,Private
Investor/s 0432,Cuba,2018,Solar,Private
Investor/s 0226,Tunisia,2018,Wind,Private
Investor/s 0267,Egypt,2018,Solar,Private
Investor/s 0434,Marshall Islands,2018,Solar,Private
Investor/s 0258,Zimbabwe,2018,Solar,Private
Investor/s 0216,Morocco,2018,Solar,Private
Investor/s 0437,Cook Islands,2018,Solar,Public
Investor/s 0223,Kenya,2018,Solar,Private
Investor/s 0344,Tonga,2018,Wind,Private
Investor/s 0232,Mongolia,2018,Solar,Private
Investor/s 0296,Bangladesh,2018,Solar,Private
Investor/s 0142,Chad,2018,Wind,Private
Investor/s 0222,Senegal,2018,Solar,Private
Investor/s 0419,Marshall Islands,2018,Solar,Private
Investor/s 0294,Guatemala,2018,Solar,Private
Investor/s 0268,Niger,2018,Solar,Public
Investor/s 0221,Kenya,2018,Solar,Private
Investor/s 0444,Malaysia,2018,Solar,Public
Investor/s 0219,Brazil,2018,Solar,Public
Investor/s 0416,Burkina Faso,2018,Solar,Public
Investor/s 0320,Cambodia,2018,Solar,Private
Investor/s 0067,Afghanistan,2018,Solar,Private
Investor/s 0155,Honduras,2018,Solar,Private
Investor/s 0262,Peru,2018,Solar,Private
Investor/s 0205,Togo,2018,Solar,Private
Investor/s 0278,Mali,2018,Wind,Private
Investor/s 0040,Afghanistan,2018,Solar,Public
Investor/s 0479,Madagascar,2018,Solar,Public
Investor/s 0277,Kenya,2018,Wind,Private
Investor/s 0480,Mozambique,2018,Solar,Public
Investor/s 0482,Peru,2018,Solar,Private
Investor/s 0066,Marshall Islands,2018,Wind,Private
Investor/s 0258,Gambia,2018,Solar,Private
Investor/s 0487,Vietnam,2018,Solar,Private
Investor/s 0066,Tunisia,2018,Wind,Private
Investor/s 0483,Marshall Islands,2018,Wind,Private
Investor/s 0013,Guiana,2018,Wind,Public
Investor/s 0388,Mongolia,2018,Solar,Public
Investor/s 0066,Cote d'Ivoire,2018,Wind,Public
Investor/s 0273,Cambodia,2018,Wind,Public
Investor/s 0208,Cuba,2018,Solar,Public
Investor/s 0495,Senegal,2018,Solar,Private
Investor/s 0066,Somalia,2018,Wind,Private
Investor/s 0272,Egypt,2018,Solar,Private
Investor/s 0444,Togo,2018,Solar,Public
Investor/s 0444,Marshall Islands,2018,Solar,Public
Investor/s 0498,Guatemala,2018,Solar,Private
Investor/s 0501,Mauritania,2018,Solar,Public
Investor/s 0021,Colombia,2018,Solar,Private
Investor/s 0270,Malawi,2018,Solar,Private
Investor/s 0371,Eritrea,2018,Wind,Public
Investor/s 0201,Eritrea,2018,Solar,Private
Investor/s 0506,Cook Islands,2018,Solar,Public
Investor/s 0274,Mauritania,2018,Solar,Public
Investor/s 0004,Cote d'Ivoire,2018,Solar,Public
Investor/s 0438,Costa Rica,2018,Solar,Private
Investor/s 0474,Pakistan,2018,Solar,Public
Investor/s 0269,Egypt,2018,Solar,Public
Investor/s 0214,Mozambique,2018,Solar,Private
Investor/s 0086,Jamaica,2018,Solar,Private
Investor/s 0213,Ethiopia,2018,Solar,Private
Investor/s 0086,Burundi,2018,Solar,Private
Investor/s 0235,Nepal,2018,Solar,Public
Investor/s 0461,Samoa,2018,Solar,Private
Investor/s 0067,Nigeria,2018,Solar,Private
Investor/s 0269,Nepal,2018,Solar,Public
Investor/s 0284,Indonesia,2018,Solar,Public
Investor/s 0168,Tanzania,2018,Wind,Private
Investor/s 0463,Tanzania,2018,Solar,Private
Investor/s 0060,Namibia,2018,Solar,Private
Investor/s 0464,Kenya,2018,Solar,Private
Investor/s 0060,Madagascar,2018,Solar,Private
Investor/s 0013,Cameroon,2018,Wind,Public
Investor/s 0283,Eritrea,2018,Solar,Public
Investor/s 0473,Nigeria,2018,Solar,Public
Investor/s 0280,Bolivia,2018,Wind,Private
Investor/s 0472,Argentina,2018,Solar,Public
Investor/s 0470,Chad,2018,Solar,Private
Investor/s 0469,Costa Rica,2018,Solar,Public
Investor/s 0210,Cuba,2018,Solar,Private
Investor/s 0215,Samoa,2018,Wind,Public
Investor/s 0468,Eritrea,2018,Wind,Private
Investor/s 0448,Argentina,2018,Solar,Private
Investor/s 0282,Kenya,2018,Wind,Private
Investor/s 0282,Cameroon,2018,Wind,Public
Investor/s 0462,Argentina,2018,Solar,Public
Investor/s 0283,Uganda,2018,Solar,Private
Investor/s 0031,Morocco,2018,Wind,Public
Investor/s 0467,Burundi,2018,Solar,Private
Investor/s 0309,Indonesia,2018,Solar,Private
Investor/s 0385,Sri Lanka,2018,Solar,Private
Investor/s 0344,Burkina Faso,2018,Wind,Public
Investor/s 0367,Brazil,2018,Wind,Private
Investor/s 0265,Guatemala,2018,Wind,Public
Investor/s 0329,Zambia,2018,Solar,Private
Investor/s 0325,Sri Lanka,2018,Solar,Public
Investor/s 0234,Zimbabwe,2018,Solar,Private
Investor/s 0378,Tonga,2018,Solar,Private
Investor/s 0240,Tonga,2018,Solar,Private
Investor/s 0364,Mexico,2018,Solar,Public
Investor/s 0264,Mauritania,2018,Solar,Private
Investor/s 0390,Burkina Faso,2018,Solar,Private
Investor/s 0098,Tunisia,2018,Wind,Private
Investor/s 0238,Somalia,2018,Solar,Public
Investor/s 0261,Thailand,2018,Solar,Private
Investor/s 0238,Nigeria,2018,Solar,Private
Investor/s 0031,Zimbabwe,2018,Solar,Public
Investor/s 0387,Indonesia,2018,Solar,Private
Investor/s 0380,Libya,2018,Solar,Private
Investor/s 0330,Sierra Leone,2018,Solar,Public
Investor/s 0349,Zimbabwe,2018,Solar,Private
Investor/s 0327,Sri Lanka,2018,Solar,Private
Investor/s 0238,Ghana,2018,Solar,Public
Investor/s 0316,El Salvador,2018,Solar,Private
Investor/s 0238,Zimbabwe,2018,Solar,Private
Investor/s 0243,Maldives,2018,Solar,Private
Investor/s 0244,Malaysia,2018,Solar,Private
Investor/s 0349,Tanzania,2018,Solar,Public
Investor/s 0316,Mozambique,2018,Solar,Private
Investor/s 0274,South Africa,2018,Solar,Public
Investor/s 0214,Senegal,2018,Solar,Private
Investor/s 0013,Sri Lanka,2018,Solar,Public
Investor/s 0319,Zimbabwe,2018,Solar,Public
Investor/s 0306,Mongolia,2018,Solar,Private
Investor/s 0260,Togo,2018,Solar,Public
Investor/s 0320,Sierra Leone,2018,Solar,Public
Investor/s 0084,Colombia,2018,Solar,Public
Investor/s 0335,Ghana,2018,Solar,Private
Investor/s 0337,Indonesia,2018,Solar,Public
Investor/s 0358,Zambia,2018,Solar,Private
Investor/s 0338,Cuba,2018,Solar,Private
Investor/s 0405,Tunisia,2018,Solar,Private
Investor/s 0364,Malaysia,2018,Solar,Private
Investor/s 0251,Mali,2018,Wind,Private
Investor/s 0404,Bangladesh,2018,Solar,Public
Investor/s 0359,Brazil,2018,Solar,Public
Investor/s 0249,Niger,2018,Solar,Private
Investor/s 0237,Vietnam,2018,Solar,Private
Investor/s 0311,Costa Rica,2018,Solar,Private
Investor/s 0344,Namibia,2018,Wind,Private
Investor/s 0328,Mozambique,2018,Solar,Private
Investor/s 0357,Sri Lanka,2018,Wind,Private
Investor/s 0356,Samoa,2018,Wind,Private
Investor/s 0365,Afghanistan,2018,Wind,Public
Investor/s 0365,Kenya,2018,Wind,Private
Investor/s 0238,Mongolia,2018,Solar,Public
Investor/s 0376,Cook Islands,2018,Solar,Private
Investor/s 0363,Mexico,2018,Solar,Private
Investor/s 0260,South Africa,2018,Solar,Public
Investor/s 0374,Cameroon,2018,Solar,Public
Investor/s 0248,Bolivia,2018,Wind,Public
Investor/s 0364,Libya,2018,Solar,Public
Investor/s 0340,Tanzania,2018,Solar,Private
Investor/s 0325,Jamaica,2018,Solar,Private
Investor/s 0295,Brazil,2018,Solar,Public
Investor/s 0098,Niger,2018,Wind,Private
Investor/s 0479,Tunisia,2019,Solar,Private
Investor/s 0477,Indonesia,2019,Solar,Private
Investor/s 0353,Chad,2019,Wind,Public
Investor/s 0263,Zambia,2019,Solar,Private
Investor/s 0237,Brazil,2019,Solar,Private
Investor/s 0206,South Africa,2019,Solar,Public
Investor/s 0040,Bolivia,2019,Solar,Public
Investor/s 0082,Thailand,2019,Solar,Private
Investor/s 0448,Egypt,2019,Solar,Private
Investor/s 0004,Cote d'Ivoire,2019,Solar,Public
Investor/s 0004,Uganda,2019,Wind,Public
Investor/s 0208,Burundi,2019,Solar,Public
Investor/s 0168,Argentina,2019,Wind,Private
Investor/s 0234,Malaysia,2019,Solar,Private
Investor/s 0471,Brazil,2019,Solar,Private
Investor/s 0098,Thailand,2019,Wind,Private
Investor/s 0403,Nigeria,2019,Solar,Public
Investor/s 0238,Ghana,2019,Solar,Public
Investor/s 0208,Burkina Faso,2019,Wind,Public
Investor/s 0022,Cameroon,2019,Solar,Public
Investor/s 0171,Somalia,2019,Wind,Private
Investor/s 0471,Cambodia,2019,Solar,Public
Investor/s 0352,Gambia,2019,Solar,Private
Investor/s 0258,Libya,2019,Solar,Private
Investor/s 0352,Cook Islands,2019,Solar,Private
Investor/s 0272,Mauritania,2019,Solar,Public
Investor/s 0343,Bolivia,2019,Wind,Private
Investor/s 0497,Maldives,2019,Wind,Private
Investor/s 0271,Pakistan,2019,Solar,Public
Investor/s 0342,Cook Islands,2019,Solar,Private
Investor/s 0066,Maldives,2019,Wind,Private
Investor/s 0258,Vietnam,2019,Solar,Public
Investor/s 0444,Cambodia,2019,Solar,Public
Investor/s 0444,Bolivia,2019,Solar,Public
Investor/s 0271,Cameroon,2019,Solar,Private
Investor/s 0004,Nepal,2019,Solar,Public
Investor/s 0499,Maldives,2019,Wind,Public
Investor/s 0501,Libya,2019,Solar,Public
Investor/s 0501,Samoa,2019,Solar,Public
Investor/s 0334,Dominican Republic,2019,Solar,Private
Investor/s 0475,Madagascar,2019,Solar,Private
Investor/s 0339,Tonga,2019,Solar,Private
Investor/s 0270,Honduras,2019,Solar,Private
Investor/s 0339,Argentina,2019,Solar,Private
Investor/s 0503,Malawi,2019,Solar,Private
Investor/s 0504,Togo,2019,Solar,Private
Investor/s 0320,Dominican Republic,2019,Solar,Public
Investor/s 0260,Jordan,2019,Solar,Private
Investor/s 0345,Honduras,2019,Wind,Public
Investor/s 0346,Iran,2019,Solar,Private
Investor/s 0493,Uganda,2019,Solar,Public
Investor/s 0480,Guiana,2019,Solar,Private
Investor/s 0351,Brazil,2019,Wind,Private
Investor/s 0480,Nepal,2019,Solar,Private
Investor/s 0481,South Africa,2019,Solar,Private
Investor/s 0481,Maldives,2019,Solar,Public
Investor/s 0461,Mozambique,2019,Solar,Private
Investor/s 0258,Colombia,2019,Solar,Public
Investor/s 0351,Iran,2019,Wind,Private
Investor/s 0258,Jordan,2019,Solar,Private
Investor/s 0258,Cuba,2019,Solar,Public
Investor/s 0484,Kenya,2019,Solar,Private
Investor/s 0091,Guatemala,2019,Wind,Public
Investor/s 0258,Senegal,2019,Solar,Private
Investor/s 0349,Togo,2019,Solar,Public
Investor/s 0488,Costa Rica,2019,Solar,Public
Investor/s 0489,Togo,2019,Solar,Public
Investor/s 0013,Honduras,2019,Solar,Public
Investor/s 0490,Senegal,2019,Wind,Private
Investor/s 0491,Iran,2019,Solar,Private
Investor/s 0257,Samoa,2019,Solar,Public
Investor/s 0347,Madagascar,2019,Solar,Private
Investor/s 0275,Uganda,2019,Wind,Private
Investor/s 0258,Chad,2019,Solar,Private
Investor/s 0228,Pakistan,2019,Wind,Private
Investor/s 0323,Madagascar,2019,Solar,Private
Investor/s 0462,Cote d'Ivoire,2019,Solar,Private
Investor/s 0358,Costa Rica,2019,Solar,Public
Investor/s 0427,Nepal,2019,Wind,Private
Investor/s 0427,Namibia,2019,Wind,Public
Investor/s 0401,Colombia,2019,Solar,Private
Investor/s 0395,Niger,2019,Solar,Private
Investor/s 0031,Mozambique,2019,Solar,Public
Investor/s 0429,Burundi,2019,Solar,Private
Investor/s 0336,Tunisia,2019,Solar,Private
Investor/s 0314,Peru,2019,Solar,Private
Investor/s 0227,Niger,2019,Solar,Private
Investor/s 0314,Nigeria,2019,Solar,Private
Investor/s 0241,Nepal,2019,Solar,Private
Investor/s 0267,Somalia,2019,Solar,Public
Investor/s 0265,Niger,2019,Wind,Public
Investor/s 0242,Philippines,2019,Solar,Private
Investor/s 0265,Mozambique,2019,Wind,Public
Investor/s 0223,Madagascar,2019,Solar,Public
Investor/s 0386,Morocco,2019,Solar,Private
Investor/s 0171,Nepal,2019,Wind,Private
Investor/s 0344,Peru,2019,Wind,Public
Investor/s 0344,Egypt,2019,Wind,Private
Investor/s 0344,Tunisia,2019,Wind,Public
Investor/s 0426,Gambia,2019,Solar,Public
Investor/s 0230,Pakistan,2019,Solar,Public
Investor/s 0234,Tanzania,2019,Solar,Private
Investor/s 0424,Sierra Leone,2019,Solar,Private
Investor/s 0408,Iran,2019,Solar,Private
Investor/s 0308,Brazil,2019,Solar,Private
Investor/s 0236,Tanzania,2019,Solar,Private
Investor/s 0307,Guatemala,2019,Solar,Private
Investor/s 0237,Costa Rica,2019,Solar,Public
Investor/s 0062,South Africa,2019,Solar,Private
Investor/s 0062,Morocco,2019,Solar,Public
Investor/s 0310,Maldives,2019,Solar,Public
Investor/s 0403,Dominican Republic,2019,Solar,Public
Investor/s 0304,Ghana,2019,Solar,Private
Investor/s 0277,Burkina Faso,2019,Wind,Private
Investor/s 0311,Mozambique,2019,Solar,Public
Investor/s 0418,Tonga,2019,Solar,Private
Investor/s 0312,Mauritania,2019,Solar,Public
Investor/s 0238,Cuba,2019,Solar,Private
Investor/s 0234,Philippines,2019,Solar,Private
Investor/s 0040,Vietnam,2019,Solar,Public
Investor/s 0233,Dominican Republic,2019,Solar,Public
Investor/s 0421,South Africa,2019,Solar,Private
Investor/s 0302,Malawi,2019,Solar,Public
Investor/s 0297,Philippines,2019,Solar,Private
Investor/s 0297,Bangladesh,2019,Solar,Public
Investor/s 0312,Senegal,2019,Solar,Private
Investor/s 0315,Malaysia,2019,Solar,Private
Investor/s 0019,Eritrea,2019,Wind,Public
Investor/s 0382,Indonesia,2019,Solar,Private
Investor/s 0091,Peru,2019,Solar,Public
Investor/s 0460,Mexico,2019,Solar,Private
Investor/s 0460,Somalia,2019,Solar,Public
Investor/s 0155,Marshall Islands,2019,Solar,Private
Investor/s 0287,Peru,2019,Solar,Public
Investor/s 0365,Pakistan,2019,Wind,Public
Investor/s 0365,Senegal,2019,Wind,Private
Investor/s 0248,Somalia,2019,Wind,Public
Investor/s 0366,Cameroon,2019,Wind,Public
Investor/s 0248,Afghanistan,2019,Wind,Public
Investor/s 0234,Colombia,2019,Solar,Private
Investor/s 0366,Guiana,2019,Wind,Private
Investor/s 0407,Costa Rica,2019,Solar,Private
Investor/s 0193,Kenya,2019,Wind,Public
Investor/s 0007,Bolivia,2019,Solar,Public
Investor/s 0285,Malaysia,2019,Solar,Private
Investor/s 0284,Cote d'Ivoire,2019,Solar,Private
Investor/s 0456,Costa Rica,2019,Solar,Public
Investor/s 0207,Cote d'Ivoire,2019,Wind,Private
Investor/s 0362,Tonga,2019,Solar,Public
Investor/s 0362,Cote d'Ivoire,2019,Solar,Private
Investor/s 0250,Mozambique,2019,Solar,Private
Investor/s 0367,Bolivia,2019,Wind,Public
Investor/s 0253,Pakistan,2019,Wind,Public
Investor/s 0288,Colombia,2019,Solar,Private
Investor/s 0288,Zimbabwe,2019,Solar,Public
Investor/s 0220,Argentina,2019,Solar,Public
Investor/s 0293,Libya,2019,Solar,Private
Investor/s 0316,Philippines,2019,Solar,Public
Investor/s 0349,Morocco,2019,Solar,Public
Investor/s 0265,Mali,2019,Wind,Public
Investor/s 0219,Brazil,2019,Solar,Private
Investor/s 0218,Honduras,2019,Solar,Public
Investor/s 0316,Tanzania,2019,Solar,Public
Investor/s 0377,Madagascar,2019,Solar,Private
Investor/s 0217,Zimbabwe,2019,Wind,Public
Investor/s 0318,Brazil,2019,Wind,Private
Investor/s 0450,Mongolia,2019,Wind,Private
Investor/s 0452,Chad,2019,Wind,Private
Investor/s 0453,Eritrea,2019,Solar,Public
Investor/s 0031,Guiana,2019,Solar,Public
Investor/s 0364,South Africa,2019,Solar,Private
Investor/s 0245,Tunisia,2019,Solar,Public
Investor/s 0246,Zambia,2019,Solar,Private
Investor/s 0264,Thailand,2019,Solar,Public
Investor/s 0206,Malawi,2019,Solar,Private
Investor/s 0456,Niger,2019,Solar,Private
Investor/s 0371,Burkina Faso,2019,Wind,Public
Investor/s 0217,Mozambique,2019,Wind,Private
Investor/s 0507,Philippines,2019,Solar,Public
